"meanfreq","sd","median","Q25","Q75","IQR","skew","kurt","sp.ent","sfm","mode","centroid","meanfun","minfun","maxfun","meandom","mindom","maxdom","dfrange","modindx"
0.157585837495678,0.0733698338953906,0.137163289630512,0.128486293206198,0.226603098927294,0.0981168057210965,4.74784482006972,31.0410330022338,0.888683432723054,0.510534314940348,0.128820023837902,0.157585837495678,0.0952326156049477,0.043108504398827,0.273913043478261,0.167218780517578,0,0.796728515625,0.796728515625,0.141999141999142
