"meanfreq","sd","median","Q25","Q75","IQR","skew","kurt","sp.ent","sfm","mode","centroid","meanfun","minfun","maxfun","meandom","mindom","maxdom","dfrange","modindx"
0.164278068069209,0.0662156155718355,0.168533969010727,0.131156138259833,0.194564958283671,0.0634088200238379,2.91489194249153,13.5100539069334,0.91796698509992,0.553326396503443,0.0500595947556615,0.164278068069209,0.0979403952584582,0.043108504398827,0.250568181818182,0.173274993896484,0.021533203125,0.710595703125,0.6890625,0.142857142857143
